country,fullName,clubName,position,counterGames,counterGoals
Бразилия,Никитин Тимофей Григорьевич,ПСЖ,halfdefender,29,5
Россия,Фёдоров Георгий Тарасович,Локомотив,goalkeeper,2,0
Италия,Рябов Владимир Евгеньевич,Арсенал,halfdefender,151,51
Испания,Соколов Георгий Антонович,Реал Мадрид,attacker,158,20
Нидерланды,Медведев Павел Анатольевич,Спартак,defender,80,13
Португалия,Волков Андрей Вадимович,Барселона,goalkeeper,121,-117
Италия,Данилов Вадим Тимофеевич,Арсенал,defender,12,0
Россия,Макаров Руслан Семёнович,Арсенал,halfdefender,167,42
Аргентина,Григорьев Тихон Русланович,Ювентус,attacker,38,14
Португалия,Фёдоров Артём Владимирович,Ювентус,attacker,11,4
Россия,Куликов Павел Евгеньевич,Ювентус,halfdefender,165,71
Нидерланды,Соколов Тимофей Петрович,Локомотив,defender,92,43
Россия,Григорьев Михаил Валентинович,Барселона,attacker,173,79
Германия,Шестаков Дмитрий Георгиевич,Манчестер Сити,halfdefender,1,1
Испания,Сергеев Андрей Равильевич,Зенит,defender,45,44
Россия,Воробьёв Григорий Дмитриевич,Динамо,halfdefender,67,8
Англия,Степанов Ярослав Игоревич,Ливерпуль,halfdefender,72,62
Италия,Николаев Сергей Вадимович,ПСЖ,attacker,115,9
Германия,Антонов Виктор Константинович,Манчестер Сити,defender,113,50
Испания,Фролов Вячеслав Матвеевич,Динамо,attacker,34,17
Португалия,Романов Дмитрий Матвеевич,Локомотив,goalkeeper,59,-35
Италия,Михайлов Тимофей Петрович,Барселона,halfdefender,115,32
Португалия,Новиков Артём Аркадьевич,ПСЖ,goalkeeper,83,-63
Бразилия,Беляев Георгий Константинович,Манчестер Сити,halfdefender,103,48
Франция,Орлов Лев Александрович,Локомотив,defender,37,0
Англия,Волков Вячеслав Алексеевич,Арсенал,defender,33,10
Испания,Смирнов Лев Игоревич,Спартак,goalkeeper,136,-128
Германия,Данилов Юрий Тарасович,Динамо,attacker,161,20
Испания,Гордеев Павел Алексеевич,Реал Мадрид,halfdefender,81,79
Россия,Фёдоров Дмитрий Васильевич,Ливерпуль,defender,49,1
Англия,Кондратьев Глеб Иванович,Спартак,attacker,40,27
Португалия,Егоров Ярослав Рустамович,Локомотив,halfdefender,38,19
Германия,Козлов Степан Маркович,Манчестер Сити,attacker,122,22
Аргентина,Марков Степан Маркович,Динамо,attacker,176,73
Бразилия,Гусев Андрей Геннадьевич,Бавария,halfdefender,176,35
Франция,Сидоров Антон Владимирович,Бавария,attacker,44,22
Бразилия,Кондратьев Вадим Арсеньевич,Барселона,defender,69,68
Россия,Морозов Роман Станиславович,Локомотив,attacker,77,2
Португалия,Романов Артём Олегович,Манчестер Сити,halfdefender,86,56
Нидерланды,Лазарев Пётр Дмитриевич,Зенит,defender,167,28
Россия,Смирнов Дмитрий Данилович,Реал Мадрид,defender,171,61
Бразилия,Марков Тимофей Михайлович,Спартак,defender,66,7
Россия,Петров Станислав Рустамович,Реал Мадрид,goalkeeper,13,0
Англия,Куликов Олег Константинович,Реал Мадрид,attacker,127,14
Франция,Иванов Ярослав Алексеевич,Арсенал,halfdefender,7,0
Англия,Медведев Григорий Олегович,Манчестер Сити,goalkeeper,154,-56
Англия,Григорьев Анатолий Михайлович,Барселона,halfdefender,13,6
Франция,Сергеев Иван Витальевич,Спартак,halfdefender,28,20
Испания,Блинов Вячеслав Дмитриевич,Динамо,attacker,71,29
Испания,Петров Олег Викторович,Ювентус,halfdefender,178,70
Бразилия,Михайлов Артём Игоревич,Зенит,halfdefender,114,51
Франция,Соловьёв Олег Ильич,Локомотив,defender,145,40
Португалия,Барсуков Вячеслав Геннадьевич,Зенит,defender,119,81
Нидерланды,Лазарев Денис Тимофеевич,Реал Мадрид,defender,10,7
Нидерланды,Семёнов Павел Олегович,Манчестер Сити,goalkeeper,71,-39
Нидерланды,Титов Кирилл Викторович,ПСЖ,attacker,116,1
Аргентина,Николаев Никита Георгиевич,Динамо,defender,172,29
Россия,Барсуков Юрий Вячеславович,Зенит,halfdefender,106,60
Нидерланды,Шестаков Лев Олегович,Локомотив,halfdefender,51,31
Португалия,Медведев Станислав Романович,ЦСКА,attacker,101,38
Бразилия,Кузнецов Даниил Рустамович,Реал Мадрид,halfdefender,95,34
Испания,Барсуков Денис Евгеньевич,ПСЖ,defender,5,3
Германия,Гаврилов Арсений Анатольевич,Зенит,attacker,66,62
Италия,Антонов Сергей Александрович,ПСЖ,goalkeeper,80,-49
Германия,Егоров Андрей Данилович,Спартак,halfdefender,117,80
Россия,Мельников Вадим Григорьевич,Зенит,attacker,89,55
Бразилия,Зайцев Андрей Борисович,ПСЖ,goalkeeper,76,-1
Аргентина,Семёнов Андрей Денисович,Барселона,halfdefender,130,87
Португалия,Николаев Валерий Максимович,Барселона,attacker,5,1
Италия,Савельев Вадим Григорьевич,ПСЖ,defender,147,30
Россия,Орлов Матвей Романович,Арсенал,halfdefender,110,12
Аргентина,Воробьёв Александр Валентинович,Манчестер Сити,goalkeeper,79,-15
Нидерланды,Морозов Иван Вадимович,Спартак,goalkeeper,23,-1
Италия,Фомин Андрей Матвеевич,Манчестер Сити,goalkeeper,87,-7
Нидерланды,Соловьёв Максим Анатольевич,Зенит,attacker,141,30
Германия,Жуков Роман Егорович,Спартак,halfdefender,119,68
Португалия,Романов Даниил Андреевич,ЦСКА,attacker,165,10
Бразилия,Зайцев Виктор Степанович,Локомотив,attacker,176,46
Аргентина,Лазарев Тихон Валентинович,Арсенал,attacker,73,3
Португалия,Касаткин Глеб Фёдорович,Ювентус,defender,36,21
Россия,Петров Вадим Григорьевич,Локомотив,goalkeeper,171,-170
Нидерланды,Михайлов Кирилл Германович,Барселона,attacker,9,6
Аргентина,Фролов Кирилл Юрьевич,Манчестер Сити,halfdefender,11,8
Германия,Марков Максим Геннадьевич,Локомотив,defender,155,85
Россия,Савельев Виктор Эдуардович,Манчестер Сити,defender,167,15
Италия,Титов Дмитрий Валерьевич,Локомотив,defender,73,53
Испания,Жуков Кирилл Германович,Арсенал,attacker,66,39
Франция,Филиппов Даниил Игоревич,ЦСКА,attacker,134,53
Испания,Медведев Фёдор Андреевич,Арсенал,defender,63,4
Италия,Семёнов Никита Денисович,Барселона,halfdefender,91,24
Нидерланды,Зайцев Тимофей Тимофеевич,Ливерпуль,attacker,65,23
Аргентина,Гордеев Фёдор Анатольевич,Зенит,halfdefender,37,5
Англия,Иванов Арсений Юрьевич,Зенит,attacker,149,47
Бразилия,Касаткин Юрий Романович,Барселона,halfdefender,106,69
Бразилия,Зайцев Даниил Кириллович,Реал Мадрид,halfdefender,146,66
Россия,Зайцев Вадим Ильич,Барселона,halfdefender,124,54
Франция,Блинов Денис Борисович,Арсенал,halfdefender,172,20
Франция,Воробьёв Степан Ярославович,Ливерпуль,defender,36,33
Испания,Мельников Георгий Радмирович,Бавария,attacker,159,65
Италия,Шестаков Антон Матвеевич,Ювентус,halfdefender,99,0
Франция,Макаров Ярослав Васильевич,Спартак,halfdefender,47,38
Португалия,Кондратьев Кирилл Валерьевич,ЦСКА,halfdefender,23,0
Италия,Касаткин Павел Викторович,Барселона,halfdefender,140,48
Франция,Марков Антон Эдуардович,Спартак,defender,101,53
Испания,Яковлев Георгий Валерьевич,Бавария,halfdefender,153,17
Франция,Григорьев Максим Владимирович,ПСЖ,halfdefender,80,8
Бразилия,Фролов Георгий Семёнович,Динамо,goalkeeper,163,-151
Франция,Данилов Роман Ильич,Реал Мадрид,halfdefender,80,21
Португалия,Никитин Александр Григорьевич,Локомотив,halfdefender,39,28
Италия,Петров Кирилл Леонидович,ЦСКА,defender,111,69
Испания,Куликов Артём Васильевич,Арсенал,defender,162,66
Франция,Павлов Тимофей Николаевич,Динамо,defender,19,19
Бразилия,Сидоров Андрей Максимович,ЦСКА,defender,0,0
Англия,Макаров Иван Семёнович,ЦСКА,halfdefender,121,71
Португалия,Антонов Виктор Александрович,Ювентус,halfdefender,49,1
Португалия,Гаврилов Вячеслав Михайлович,ЦСКА,attacker,76,8
Италия,Петров Вячеслав Геннадьевич,Зенит,attacker,107,42
Германия,Романов Руслан Михайлович,Ливерпуль,attacker,157,2
Германия,Кондратьев Кирилл Никитич,Реал Мадрид,defender,116,73
Франция,Морозов Ярослав Игоревич,Ювентус,defender,77,62
Италия,Иванов Тихон Олегович,ЦСКА,defender,7,7
Бразилия,Кондратьев Анатолий Валерьевич,Манчестер Сити,goalkeeper,83,-41
Нидерланды,Калинин Павел Маркович,Манчестер Сити,halfdefender,75,22
Испания,Кудрявцев Роман Тарасович,Реал Мадрид,halfdefender,1,0
Германия,Зайцев Григорий Валентинович,Реал Мадрид,goalkeeper,147,-128
Россия,Попов Станислав Эльдарович,Локомотив,attacker,112,13
Нидерланды,Кудрявцев Никита Петрович,Бавария,defender,16,2
Португалия,Семёнов Тихон Аркадьевич,Ювентус,goalkeeper,157,-1
Германия,Егоров Руслан Фёдорович,ЦСКА,defender,45,37
Германия,Фомин Антон Александрович,Ювентус,defender,155,88
Испания,Смирнов Виктор Михайлович,Ювентус,defender,82,69
Германия,Медведев Илья Витальевич,Ливерпуль,halfdefender,27,25
Нидерланды,Марков Арсений Григорьевич,Ювентус,halfdefender,132,59
Испания,Жуков Роман Ильич,Динамо,goalkeeper,101,-92
Россия,Фролов Даниил Данилович,Манчестер Сити,goalkeeper,52,-20
Аргентина,Петров Сергей Тарасович,Манчестер Сити,attacker,173,5
Германия,Смирнов Георгий Геннадьевич,Ювентус,goalkeeper,13,-4
Италия,Данилов Илья Борисович,Реал Мадрид,halfdefender,110,27
Россия,Филиппов Пётр Игоревич,Реал Мадрид,halfdefender,21,8
Россия,Фёдоров Дмитрий Григорьевич,Манчестер Сити,halfdefender,114,52
Германия,Козлов Тихон Анатольевич,Зенит,defender,157,58
Англия,Соколов Арсений Игоревич,Барселона,attacker,30,2
Англия,Блинов Георгий Матвеевич,Ювентус,defender,54,7
Нидерланды,Кузнецов Тихон Эльдарович,Локомотив,defender,129,30
Аргентина,Данилов Тихон Германович,Локомотив,halfdefender,50,37
Испания,Смирнов Артём Георгиевич,Динамо,halfdefender,82,79
Португалия,Сидоров Максим Семёнович,Ювентус,halfdefender,132,26
Аргентина,Лазарев Тимофей Рустамович,Бавария,defender,92,55
Италия,Соколов Григорий Аркадьевич,ЦСКА,halfdefender,155,15
Франция,Сидоров Матвей Маркович,Барселона,attacker,135,22
Англия,Соколов Лев Данилович,Ювентус,halfdefender,90,41
Португалия,Гордеев Михаил Александрович,Локомотив,goalkeeper,149,-79
Россия,Волков Егор Вячеславович,Ливерпуль,goalkeeper,144,-48
Германия,Калинин Глеб Семёнович,Бавария,halfdefender,80,28
Италия,Яковлев Лев Равильевич,Спартак,defender,21,2
Россия,Петров Станислав Максимович,Реал Мадрид,halfdefender,129,42
Германия,Шестаков Матвей Станиславович,Динамо,defender,68,68
Германия,Савельев Владимир Анатольевич,Барселона,defender,85,56
Нидерланды,Алексеев Сергей Денисович,Бавария,goalkeeper,82,-70
Англия,Егоров Арсений Матвеевич,Ливерпуль,halfdefender,144,57
Нидерланды,Савельев Вячеслав Тарасович,Реал Мадрид,defender,24,24
Аргентина,Касаткин Максим Викторович,Ювентус,attacker,163,66
Нидерланды,Фомин Глеб Михайлович,Локомотив,attacker,118,74
Бразилия,Куликов Глеб Антонович,Арсенал,attacker,15,1
Германия,Соловьёв Руслан Кириллович,Ливерпуль,halfdefender,67,37
Испания,Мельников Виктор Романович,ЦСКА,attacker,77,74
Италия,Яковлев Иван Владимирович,ЦСКА,halfdefender,73,55
Франция,Морозов Даниил Евгеньевич,ПСЖ,attacker,146,74
Нидерланды,Васильев Егор Эдуардович,Ювентус,defender,98,75
Испания,Павлов Антон Дмитриевич,Реал Мадрид,goalkeeper,33,-28
Англия,Гусев Сергей Евгеньевич,Барселона,goalkeeper,112,-108
Франция,Попов Андрей Радмирович,Барселона,goalkeeper,163,-90
Португалия,Иванов Сергей Геннадьевич,Арсенал,attacker,73,4
Англия,Васильев Александр Максимович,Реал Мадрид,halfdefender,131,26
Испания,Козлов Станислав Дмитриевич,Реал Мадрид,defender,60,1
Россия,Касаткин Анатолий Радмирович,Барселона,defender,63,34
Аргентина,Григорьев Тимофей Кириллович,Арсенал,halfdefender,41,10
Германия,Данилов Сергей Вячеславович,Манчестер Сити,defender,43,14
Англия,Борисов Тимофей Романович,Манчестер Сити,halfdefender,151,40
Россия,Рябов Фёдор Никитич,Динамо,attacker,144,50
Португалия,Тарасов Михаил Денисович,Манчестер Сити,goalkeeper,18,-5
Франция,Воробьёв Андрей Никитич,ПСЖ,halfdefender,93,79
Аргентина,Иванов Михаил Рустамович,Динамо,attacker,114,38
Германия,Макаров Антон Петрович,Спартак,attacker,115,55
Бразилия,Захаров Лев Германович,Ливерпуль,defender,76,70
Россия,Соколов Сергей Равильевич,Реал Мадрид,attacker,0,0
Португалия,Антонов Григорий Аркадьевич,Локомотив,halfdefender,166,65
Англия,Попов Владимир Павлович,ПСЖ,attacker,35,20
Португалия,Калинин Даниил Кириллович,Спартак,halfdefender,165,59
Бразилия,Данилов Тимофей Евгеньевич,Бавария,defender,123,15
Италия,Жуков Лев Павлович,Реал Мадрид,halfdefender,135,32
Германия,Морозов Юрий Юрьевич,Ливерпуль,attacker,100,90
Франция,Куликов Павел Викторович,Реал Мадрид,defender,47,25
Бразилия,Смирнов Константин Тимофеевич,Ливерпуль,defender,44,10
Нидерланды,Григорьев Лев Кириллович,Ливерпуль,halfdefender,140,56
Россия,Касаткин Павел Рустамович,Зенит,halfdefender,49,34
Аргентина,Куликов Роман Борисович,Ливерпуль,attacker,61,3
Германия,Романов Руслан Степанович,Спартак,defender,37,0
Испания,Соколов Максим Вячеславович,Ливерпуль,defender,135,24
Франция,Попов Анатолий Юрьевич,Спартак,defender,77,52
Бразилия,Смирнов Руслан Эльдарович,ПСЖ,halfdefender,44,13
Португалия,Захаров Анатолий Викторович,Спартак,goalkeeper,128,-96
Италия,Семёнов Никита Тимофеевич,Барселона,halfdefender,129,49
Аргентина,Фёдоров Станислав Алексеевич,Барселона,halfdefender,106,31
Нидерланды,Егоров Руслан Эльдарович,Барселона,attacker,108,28
Португалия,Васильев Глеб Ильич,Ливерпуль,halfdefender,162,87
Россия,Филиппов Роман Сергеевич,Динамо,attacker,153,9
Нидерланды,Фролов Георгий Степанович,Реал Мадрид,defender,163,50
Португалия,Фомин Арсений Рустамович,Локомотив,goalkeeper,106,-37
Аргентина,Куликов Даниил Арсеньевич,Динамо,halfdefender,170,0
Аргентина,Яковлев Александр Вячеславович,Зенит,goalkeeper,31,0
Франция,Андреев Руслан Олегович,ЦСКА,defender,51,25
Испания,Савельев Олег Витальевич,Динамо,defender,180,39
Франция,Соколов Пётр Максимович,Локомотив,attacker,105,67
Испания,Тарасов Иван Викторович,Динамо,goalkeeper,144,-110
Россия,Титов Виктор Равильевич,Динамо,defender,134,57
Италия,Смирнов Станислав Дмитриевич,Зенит,halfdefender,136,75
Россия,Рябов Виктор Эльдарович,Локомотив,halfdefender,126,7
Аргентина,Жуков Тимофей Леонидович,Ювентус,attacker,64,9
Испания,Мельников Тихон Фёдорович,Ювентус,attacker,172,17
Россия,Козлов Вадим Ильич,Арсенал,attacker,10,10
Россия,Морозов Вадим Станиславович,Динамо,defender,112,86
Аргентина,Медведев Ярослав Вадимович,Ливерпуль,defender,106,17
Германия,Лазарев Максим Романович,Манчестер Сити,attacker,55,2
Португалия,Гаврилов Степан Константинович,Ливерпуль,defender,12,4
Франция,Новиков Александр Максимович,Спартак,goalkeeper,117,-91
Испания,Егоров Глеб Вячеславович,Арсенал,attacker,71,13
Англия,Шестаков Тихон Радмирович,Реал Мадрид,halfdefender,26,0
Бразилия,Волков Станислав Юрьевич,Бавария,halfdefender,33,2
Германия,Савельев Матвей Васильевич,Локомотив,defender,12,2
Аргентина,Мельников Арсений Эдуардович,Спартак,defender,102,90
Англия,Рябов Валерий Анатольевич,Арсенал,defender,157,87
Франция,Козлов Пётр Равильевич,Локомотив,defender,6,1
Испания,Егоров Степан Германович,ПСЖ,halfdefender,18,14
Германия,Волков Степан Григорьевич,Зенит,attacker,118,21
Россия,Степанов Ярослав Романович,Спартак,attacker,159,20
Франция,Волков Егор Борисович,ПСЖ,attacker,123,25
Россия,Мельников Антон Маркович,ПСЖ,defender,9,1
Нидерланды,Жуков Георгий Маркович,Арсенал,defender,87,66
Италия,Тарасов Матвей Арсеньевич,ЦСКА,defender,32,17
Нидерланды,Петров Степан Степанович,Арсенал,defender,41,1
Португалия,Семёнов Дмитрий Антонович,Зенит,attacker,49,35
Германия,Григорьев Иван Владимирович,ПСЖ,attacker,88,60
Италия,Зайцев Анатолий Валерьевич,Локомотив,defender,138,87
Бразилия,Егоров Станислав Семёнович,Зенит,defender,159,57
Италия,Смирнов Сергей Маркович,ЦСКА,halfdefender,125,49
Германия,Беляев Ярослав Валерьевич,Арсенал,defender,44,23
Аргентина,Сидоров Роман Антонович,Манчестер Сити,halfdefender,66,55
Франция,Соловьёв Олег Викторович,ЦСКА,defender,121,18
Россия,Степанов Георгий Тарасович,ЦСКА,goalkeeper,62,-29
Бразилия,Зайцев Андрей Фёдорович,Ливерпуль,attacker,70,50
Аргентина,Беляев Кирилл Данилович,Ювентус,defender,175,76
Англия,Сергеев Пётр Антонович,Динамо,halfdefender,93,47
Франция,Гусев Роман Максимович,Ювентус,attacker,29,23
Португалия,Егоров Вячеслав Эдуардович,Ювентус,halfdefender,0,0
Англия,Яковлев Владимир Васильевич,Динамо,defender,16,7
Испания,Николаев Арсений Михайлович,Локомотив,defender,9,9
Португалия,Семёнов Сергей Георгиевич,Манчестер Сити,attacker,150,53
Нидерланды,Марков Артём Никитич,ЦСКА,goalkeeper,44,-23
Испания,Гусев Владимир Олегович,Реал Мадрид,attacker,49,30
Германия,Григорьев Юрий Георгиевич,Барселона,attacker,116,33
Нидерланды,Романов Илья Равильевич,Манчестер Сити,goalkeeper,0,0
Россия,Павлов Иван Данилович,Манчестер Сити,defender,171,46
Португалия,Сергеев Георгий Леонидович,Бавария,goalkeeper,22,-14
Испания,Зайцев Михаил Леонидович,Реал Мадрид,defender,112,75
Англия,Фролов Михаил Степанович,Спартак,halfdefender,159,15
Испания,Фёдоров Вячеслав Ярославович,Арсенал,defender,60,18
Италия,Лазарев Кирилл Тарасович,Барселона,goalkeeper,82,-82
Россия,Барсуков Владимир Антонович,Зенит,halfdefender,149,65
Нидерланды,Гаврилов Анатолий Максимович,Динамо,attacker,117,84
Италия,Алексеев Тимофей Петрович,Ювентус,halfdefender,138,40
Россия,Егоров Вадим Антонович,Ювентус,attacker,94,42
Италия,Николаев Кирилл Никитич,ЦСКА,goalkeeper,76,-65
Франция,Козлов Арсений Денисович,Ювентус,attacker,1,1
Италия,Николаев Фёдор Никитич,Реал Мадрид,halfdefender,31,5
Англия,Титов Лев Эдуардович,Арсенал,defender,149,11
Португалия,Семёнов Александр Ярославович,Реал Мадрид,defender,165,4
Италия,Смирнов Пётр Аркадьевич,Манчестер Сити,goalkeeper,152,-121
Германия,Волков Максим Ильич,Динамо,halfdefender,6,6
Аргентина,Соловьёв Максим Вячеславович,Барселона,attacker,180,76
Италия,Калинин Михаил Валентинович,ЦСКА,goalkeeper,2,-1
Англия,Шестаков Георгий Маркович,Реал Мадрид,attacker,154,40
Россия,Андреев Михаил Маркович,Реал Мадрид,halfdefender,14,14
Бразилия,Михайлов Павел Григорьевич,Динамо,halfdefender,37,13
Испания,Сидоров Никита Витальевич,Реал Мадрид,attacker,65,60
Испания,Калинин Михаил Алексеевич,Бавария,halfdefender,73,39
Испания,Семёнов Егор Петрович,Арсенал,halfdefender,28,9
Германия,Гаврилов Руслан Олегович,Бавария,halfdefender,66,58
Россия,Соловьёв Максим Денисович,Зенит,defender,104,84
Испания,Романов Тихон Семёнович,Барселона,defender,156,51
Франция,Титов Александр Борисович,Ливерпуль,attacker,124,21
Англия,Яковлев Арсений Георгиевич,Динамо,halfdefender,180,80
Италия,Блинов Павел Семёнович,Арсенал,halfdefender,130,80
Англия,Кудрявцев Олег Радмирович,Локомотив,goalkeeper,78,-63
Германия,Медведев Ярослав Георгиевич,Реал Мадрид,defender,71,10
Бразилия,Орлов Даниил Иванович,ПСЖ,defender,137,57
Германия,Калинин Олег Тимофеевич,Реал Мадрид,attacker,135,46
Аргентина,Соловьёв Олег Вадимович,Динамо,attacker,6,4
Нидерланды,Романов Роман Фёдорович,Динамо,defender,21,12
Франция,Мельников Сергей Викторович,Реал Мадрид,halfdefender,163,62
Франция,Фролов Руслан Михайлович,Зенит,attacker,14,8
Англия,Захаров Тимофей Арсеньевич,Ливерпуль,halfdefender,72,70
Португалия,Тарасов Артём Никитич,Реал Мадрид,halfdefender,168,77
Англия,Блинов Олег Вадимович,ЦСКА,halfdefender,1,0
Нидерланды,Кондратьев Кирилл Владимирович,Ливерпуль,halfdefender,98,90
Бразилия,Кудрявцев Андрей Данилович,ПСЖ,defender,91,70
Англия,Тарасов Ярослав Эдуардович,Ливерпуль,defender,36,3
Испания,Семёнов Глеб Олегович,Ювентус,halfdefender,32,24
Аргентина,Захаров Станислав Викторович,Зенит,halfdefender,13,13
Англия,Кудрявцев Александр Сергеевич,Манчестер Сити,goalkeeper,97,-67
Бразилия,Калинин Тимофей Васильевич,Манчестер Сити,defender,100,40
Англия,Данилов Матвей Аркадьевич,Арсенал,attacker,23,4
Бразилия,Шестаков Пётр Викторович,ПСЖ,halfdefender,76,64
Нидерланды,Сергеев Руслан Эльдарович,Локомотив,goalkeeper,38,-11
Англия,Мельников Егор Фёдорович,Манчестер Сити,defender,47,0
Англия,Андреев Руслан Станиславович,Арсенал,goalkeeper,89,-54
Италия,Антонов Юрий Никитич,Локомотив,attacker,115,31
Англия,Фёдоров Михаил Рустамович,Манчестер Сити,halfdefender,66,18
Аргентина,Гордеев Михаил Аркадьевич,Спартак,halfdefender,60,41
Нидерланды,Андреев Артём Викторович,Локомотив,halfdefender,68,36
Бразилия,Попов Пётр Михайлович,Бавария,defender,137,64
Бразилия,Павлов Илья Валерьевич,Динамо,goalkeeper,44,-36
Испания,Козлов Матвей Валерьевич,Манчестер Сити,attacker,119,3
Испания,Мельников Станислав Борисович,ПСЖ,defender,131,24
Аргентина,Шестаков Анатолий Тимофеевич,Спартак,halfdefender,61,57
Нидерланды,Макаров Иван Семёнович,Зенит,defender,142,63
Германия,Калинин Артём Станиславович,Бавария,attacker,16,7
Аргентина,Борисов Матвей Олегович,Спартак,defender,24,19
Англия,Гордеев Артём Леонидович,Манчестер Сити,attacker,139,58
Аргентина,Фёдоров Юрий Ярославович,Динамо,attacker,130,20
Португалия,Макаров Егор Сергеевич,Реал Мадрид,goalkeeper,18,-2
Франция,Касаткин Тихон Егорович,Ювентус,defender,179,57
Германия,Фролов Вячеслав Георгиевич,Зенит,halfdefender,40,3
Португалия,Козлов Дмитрий Рустамович,Барселона,defender,167,21
Италия,Михайлов Станислав Русланович,ПСЖ,attacker,98,74
Франция,Сидоров Степан Георгиевич,Динамо,goalkeeper,162,-102
Бразилия,Соловьёв Артём Фёдорович,ПСЖ,halfdefender,29,8
Испания,Волков Пётр Владимирович,Барселона,halfdefender,57,30
Испания,Морозов Георгий Викторович,Локомотив,halfdefender,78,20
Португалия,Семёнов Арсений Валерьевич,Арсенал,goalkeeper,0,0
Германия,Медведев Сергей Игоревич,Барселона,halfdefender,11,0
Бразилия,Кондратьев Кирилл Валерьевич,Ювентус,attacker,49,16
Германия,Павлов Никита Станиславович,Манчестер Сити,defender,25,10
Португалия,Новиков Роман Дмитриевич,ПСЖ,halfdefender,25,2
Франция,Гаврилов Максим Анатольевич,Арсенал,defender,37,1
Германия,Рябов Денис Игоревич,Бавария,defender,1,1
Англия,Никитин Фёдор Леонидович,Зенит,goalkeeper,95,-52
Германия,Куликов Виктор Игоревич,ПСЖ,halfdefender,31,5
Германия,Кудрявцев Александр Семёнович,Барселона,defender,157,42
Испания,Васильев Владимир Константинович,Зенит,defender,10,3
Англия,Мельников Юрий Георгиевич,Барселона,goalkeeper,2,-2
Италия,Соколов Сергей Алексеевич,Ливерпуль,halfdefender,50,38
Нидерланды,Титов Иван Равильевич,ЦСКА,defender,101,88
Португалия,Морозов Роман Иванович,Зенит,halfdefender,32,30
Бразилия,Захаров Вадим Степанович,ЦСКА,defender,168,75
Италия,Гусев Матвей Ярославович,Ливерпуль,defender,107,11
Бразилия,Воробьёв Владимир Фёдорович,Спартак,goalkeeper,119,-57
Германия,Барсуков Михаил Рустамович,Спартак,halfdefender,69,66
Нидерланды,Иванов Анатолий Станиславович,Ливерпуль,goalkeeper,137,-81
Бразилия,Зайцев Матвей Валентинович,Барселона,goalkeeper,47,-33
Аргентина,Фёдоров Георгий Владимирович,Спартак,halfdefender,48,13
Португалия,Николаев Матвей Александрович,Манчестер Сити,halfdefender,149,29
Испания,Воробьёв Руслан Иванович,Динамо,halfdefender,146,71
Нидерланды,Соловьёв Станислав Владимирович,Ливерпуль,halfdefender,49,10
Бразилия,Михайлов Павел Михайлович,ПСЖ,attacker,176,41
Испания,Зайцев Константин Эльдарович,Ювентус,halfdefender,70,47
Англия,Лазарев Илья Владимирович,ПСЖ,halfdefender,179,45
Португалия,Фролов Владимир Михайлович,Бавария,defender,61,23
Испания,Зайцев Степан Фёдорович,Бавария,goalkeeper,51,-16
Германия,Данилов Даниил Иванович,Арсенал,halfdefender,166,19
Франция,Марков Антон Вадимович,Зенит,goalkeeper,119,-85
Нидерланды,Морозов Тимофей Георгиевич,Манчестер Сити,defender,174,44
Португалия,Семёнов Антон Геннадьевич,Локомотив,defender,48,1
Англия,Соколов Вячеслав Анатольевич,Спартак,attacker,57,1
Германия,Борисов Фёдор Алексеевич,ЦСКА,attacker,121,17
Франция,Николаев Артём Максимович,Ливерпуль,attacker,13,5
Испания,Васильев Антон Игоревич,Бавария,defender,61,28
Франция,Сергеев Тихон Владимирович,Манчестер Сити,goalkeeper,177,-22
Россия,Савельев Александр Егорович,Спартак,halfdefender,36,21
Россия,Тарасов Егор Игоревич,Ливерпуль,defender,63,58
Португалия,Соколов Даниил Эдуардович,ПСЖ,attacker,62,11
Бразилия,Савельев Егор Русланович,Локомотив,attacker,17,3
Россия,Андреев Андрей Радмирович,Реал Мадрид,halfdefender,158,16
Нидерланды,Куликов Фёдор Григорьевич,Ювентус,attacker,76,68
Франция,Борисов Александр Антонович,ЦСКА,halfdefender,21,13
Россия,Мельников Вячеслав Васильевич,Спартак,halfdefender,8,8
Россия,Степанов Лев Эльдарович,Локомотив,defender,142,10
Италия,Куликов Матвей Александрович,ПСЖ,halfdefender,122,25
Португалия,Фёдоров Дмитрий Маркович,Манчестер Сити,defender,32,23
Бразилия,Козлов Вадим Никитич,ЦСКА,attacker,27,3
Испания,Борисов Валерий Витальевич,Зенит,defender,178,81
Франция,Титов Владимир Радмирович,Манчестер Сити,defender,172,8
Португалия,Титов Арсений Антонович,Манчестер Сити,goalkeeper,98,-34
Бразилия,Шестаков Максим Викторович,ПСЖ,defender,85,35
Англия,Григорьев Станислав Эдуардович,ПСЖ,defender,35,11
Аргентина,Фролов Максим Германович,Ювентус,attacker,87,57
Франция,Филиппов Анатолий Игоревич,ЦСКА,attacker,169,38
Португалия,Соколов Георгий Алексеевич,Арсенал,halfdefender,30,2
Англия,Николаев Павел Михайлович,Бавария,halfdefender,34,6
Португалия,Фролов Дмитрий Семёнович,Ювентус,defender,9,0
Италия,Фролов Егор Эльдарович,ЦСКА,defender,130,3
Испания,Сидоров Никита Тимофеевич,ПСЖ,defender,76,28
Германия,Иванов Тихон Геннадьевич,Динамо,halfdefender,180,45
Португалия,Кондратьев Фёдор Никитич,Барселона,attacker,140,33
Бразилия,Соколов Юрий Арсеньевич,Локомотив,goalkeeper,31,-11
Германия,Фёдоров Дмитрий Андреевич,Спартак,defender,63,33
Испания,Антонов Дмитрий Олегович,Локомотив,attacker,69,66
Франция,Морозов Вячеслав Валентинович,Зенит,attacker,115,3
Бразилия,Морозов Максим Тимофеевич,Реал Мадрид,halfdefender,109,74
Франция,Мельников Константин Антонович,Арсенал,defender,35,6
Франция,Романов Павел Владимирович,Реал Мадрид,halfdefender,15,10
Португалия,Петров Андрей Анатольевич,Ливерпуль,defender,114,7
Нидерланды,Воробьёв Степан Семёнович,Ювентус,goalkeeper,138,-65
Бразилия,Медведев Станислав Денисович,Спартак,goalkeeper,24,-11
Италия,Калинин Степан Владимирович,Манчестер Сити,halfdefender,173,60
Нидерланды,Гаврилов Андрей Витальевич,Барселона,attacker,63,6
Россия,Иванов Михаил Арсеньевич,Барселона,defender,21,20
Испания,Титов Фёдор Борисович,ЦСКА,halfdefender,95,44
Португалия,Савельев Александр Данилович,Зенит,defender,86,8
Италия,Гусев Матвей Владимирович,Зенит,halfdefender,113,66
Германия,Сергеев Антон Борисович,Барселона,defender,103,32
Италия,Яковлев Павел Петрович,Барселона,defender,41,33
Германия,Козлов Роман Ярославович,Ливерпуль,halfdefender,33,16
Аргентина,Павлов Анатолий Станиславович,Ливерпуль,halfdefender,67,23
Нидерланды,Титов Сергей Михайлович,Ливерпуль,halfdefender,68,1
Италия,Григорьев Григорий Маркович,Ювентус,goalkeeper,167,-152
Франция,Волков Степан Арсеньевич,Зенит,attacker,28,14
Италия,Захаров Илья Сергеевич,Спартак,attacker,9,7
Россия,Воробьёв Никита Борисович,Ювентус,goalkeeper,142,-106
Италия,Тарасов Денис Михайлович,ПСЖ,halfdefender,32,10
Испания,Блинов Андрей Павлович,Зенит,halfdefender,10,4
Германия,Никитин Максим Леонидович,Спартак,halfdefender,12,3
Россия,Жуков Тимофей Степанович,Бавария,attacker,121,84
Россия,Кузнецов Вадим Олегович,Ливерпуль,halfdefender,20,17
Португалия,Кузнецов Тихон Борисович,Реал Мадрид,defender,125,49
Германия,Борисов Илья Данилович,ЦСКА,halfdefender,94,60
Германия,Кудрявцев Лев Иванович,Реал Мадрид,halfdefender,178,10
Англия,Волков Ярослав Игоревич,ПСЖ,halfdefender,61,55
Англия,Волков Никита Леонидович,ЦСКА,attacker,150,14
Бразилия,Данилов Дмитрий Германович,Динамо,defender,127,58
Германия,Лебедев Дмитрий Вячеславович,Ювентус,attacker,133,65
Италия,Попов Степан Сергеевич,ПСЖ,defender,27,23
Нидерланды,Макаров Глеб Никитич,Зенит,attacker,40,6
Италия,Николаев Руслан Арсеньевич,Бавария,halfdefender,76,22
Аргентина,Фёдоров Руслан Равильевич,Реал Мадрид,defender,124,67
Бразилия,Рябов Даниил Фёдорович,Барселона,attacker,21,19
Англия,Фомин Денис Алексеевич,Бавария,defender,149,66
Франция,Гусев Никита Васильевич,ЦСКА,goalkeeper,127,-53
Бразилия,Попов Тихон Васильевич,ПСЖ,defender,17,14
Англия,Степанов Вадим Викторович,Бавария,defender,111,81
Бразилия,Соколов Максим Александрович,Барселона,halfdefender,47,25
Франция,Барсуков Пётр Олегович,Арсенал,attacker,173,73
Нидерланды,Шестаков Тихон Вячеславович,Реал Мадрид,attacker,27,20
Аргентина,Кузнецов Олег Геннадьевич,Манчестер Сити,attacker,23,2
Италия,Козлов Тихон Степанович,ЦСКА,defender,144,37
Нидерланды,Андреев Илья Станиславович,Ливерпуль,attacker,21,15
Нидерланды,Гусев Роман Петрович,Манчестер Сити,attacker,46,9
Испания,Смирнов Тимофей Арсеньевич,Реал Мадрид,defender,46,29
Италия,Антонов Антон Тарасович,Локомотив,halfdefender,94,86
Италия,Орлов Никита Витальевич,Зенит,defender,127,29
Испания,Кузнецов Георгий Радмирович,Манчестер Сити,halfdefender,25,14
Испания,Гусев Ярослав Ярославович,Манчестер Сити,defender,51,17
Россия,Гаврилов Владимир Тимофеевич,Бавария,defender,50,48
Германия,Васильев Валерий Викторович,Ливерпуль,attacker,6,5
Нидерланды,Павлов Сергей Русланович,Барселона,halfdefender,11,0
Португалия,Лебедев Александр Ярославович,Ювентус,defender,18,5
Россия,Козлов Илья Фёдорович,Зенит,attacker,54,41
Италия,Семёнов Ярослав Игоревич,ЦСКА,defender,61,1
Нидерланды,Медведев Максим Олегович,ПСЖ,halfdefender,112,85
Италия,Тарасов Олег Равильевич,Арсенал,defender,103,55
Англия,Романов Константин Николаевич,Зенит,goalkeeper,101,-7
Нидерланды,Марков Виктор Васильевич,Барселона,attacker,22,22
Португалия,Гусев Артём Степанович,Барселона,attacker,88,26
Бразилия,Павлов Даниил Тимофеевич,ЦСКА,halfdefender,29,4
Аргентина,Егоров Арсений Витальевич,Ливерпуль,defender,66,33
Германия,Павлов Антон Олегович,Барселона,defender,55,51
Германия,Иванов Олег Вадимович,Реал Мадрид,halfdefender,100,74
Аргентина,Морозов Виктор Александрович,Арсенал,halfdefender,25,7
Нидерланды,Савельев Тихон Русланович,Арсенал,halfdefender,2,1
Италия,Захаров Ярослав Павлович,Манчестер Сити,attacker,67,1
Португалия,Куликов Станислав Тимофеевич,Локомотив,defender,139,16
Россия,Алексеев Антон Арсеньевич,Барселона,defender,103,7
Португалия,Шестаков Ярослав Михайлович,Спартак,attacker,23,9
Аргентина,Калинин Александр Павлович,Локомотив,attacker,90,62
Франция,Гаврилов Дмитрий Григорьевич,Арсенал,defender,175,8
Англия,Сергеев Тихон Русланович,Зенит,halfdefender,126,8
Россия,Калинин Валерий Тимофеевич,Реал Мадрид,halfdefender,139,24
Нидерланды,Смирнов Антон Витальевич,Зенит,attacker,170,86
Аргентина,Петров Максим Геннадьевич,ЦСКА,halfdefender,67,19
Аргентина,Макаров Артём Маркович,Ювентус,defender,141,8
Россия,Кондратьев Виктор Вячеславович,Арсенал,attacker,82,11
Россия,Новиков Даниил Максимович,Зенит,halfdefender,144,66
Бразилия,Марков Глеб Владимирович,ЦСКА,halfdefender,30,9
Англия,Сидоров Олег Ярославович,Спартак,defender,128,28
Франция,Попов Вячеслав Степанович,Зенит,goalkeeper,17,-16
Испания,Орлов Руслан Олегович,Динамо,defender,23,13
Германия,Филиппов Юрий Андреевич,Бавария,halfdefender,25,22
Франция,Борисов Михаил Ильич,Бавария,defender,86,67
Аргентина,Новиков Иван Семёнович,Манчестер Сити,attacker,128,35
Англия,Семёнов Георгий Анатольевич,Арсенал,attacker,133,8
